UnitID,Institution Name,City,State,Sector,Open admission policy (ICN0YY),Graduate offering (HDN0YY),UG Enrollment Grand total (EF2011A  All students  Undergraduate total),UG Enrollment Hispanic total (EF2011A  All students  Undergraduate total),% Hispanic,Assoc Grand total (C2012_A  First major  Grand total  Associate's degree),Assoc Hispanic or Latino total (C2012_A  First major  Grand total  Associate's degree),% Hispanic,Bach Grand total (C2012_A  First major  Grand total  Bachelor's degree),Bach Hispanic or Latino total (C2012_A  First major  Grand total  Bachelor's degree),% Hispanic,Masters Grand total (C2012_A  First major  Grand total  Master's degree),Masters Hispanic or Latino total (C2012_A  First major  Grand total  Master's degree),% Hispanic,Doctorate Grand Total,Doctorate Hispanic Grand Total,% Hispanic,Masters + Doctorates Grand Total,Masters + Doctorate Hispanic Grand Total,% Hispanic,Grand total (C2012_A  First major  Grand total  Doctor's degree - research/scholarship (new degree classification)),Grand total (C2012_A  First major  Grand total  Doctor's degree - professional practice (new degree classification)),Grand total (C2012_A  First major  Grand total  Doctor's degree - other (new degree classification)),Hispanic or Latino total (C2012_A  First major  Grand total  Doctor's degree - research/scholarship (new degree classification)),Hispanic or Latino total (C2012_A  First major  Grand total  Doctor's degree - professional practice (new degree classification)),Hispanic or Latino total (C2012_A  First major  Grand total  Doctor's degree - other (new degree classification)),American Indian or Alaska Native total (EF2011A  All students  Undergraduate total),Asian total (EF2011A  All students  Undergraduate total),Black or African American total (EF2011A  All students  Undergraduate total),Native Hawaiian or Other Pacific Islander total (EF2011A  All students  Undergraduate total),White total (EF2011A  All students  Undergraduate total),Two or more races total (EF2011A  All students  Undergraduate total),Race/ethnicity unknown total (EF2011A  All students  Undergraduate total),Nonresident alien total (EF2011A  All students  Undergraduate total),GR Enrollment Grand total (EF2011A  All students  Graduate),GR Enrollment Hispanic total (EF2011A  All students  Graduate),% Hispanic,American Indian or Alaska Native total (EF2011A  All students  Graduate),Asian total (EF2011A  All students  Graduate),Black or African American total (EF2011A  All students  Graduate),Native Hawaiian or Other Pacific Islander total (EF2011A  All students  Graduate),White total (EF2011A  All students  Graduate),Two or more races total (EF2011A  All students  Graduate),Race/ethnicity unknown total (EF2011A  All students  Graduate),Nonresident alien total (EF2011A  All students  Graduate),Grand total (EF2011A  Full-time students  Undergraduate total),American Indian or Alaska Native total (EF2011A  Full-time students  Undergraduate total),Asian total (EF2011A  Full-time students  Undergraduate total),Black or African American total (EF2011A  Full-time students  Undergraduate total),Hispanic total (EF2011A  Full-time students  Undergraduate total),Native Hawaiian or Other Pacific Islander total (EF2011A  Full-time students  Undergraduate total),White total (EF2011A  Full-time students  Undergraduate total),Two or more races total (EF2011A  Full-time students  Undergraduate total),Race/ethnicity unknown total (EF2011A  Full-time students  Undergraduate total),Nonresident alien total (EF2011A  Full-time students  Undergraduate total),Grand total (EF2011A  Full-time students  Graduate),American Indian or Alaska Native total (EF2011A  Full-time students  Graduate),Asian total (EF2011A  Full-time students  Graduate),Black or African American total (EF2011A  Full-time students  Graduate),Hispanic total (EF2011A  Full-time students  Graduate),Native Hawaiian or Other Pacific Islander total (EF2011A  Full-time students  Graduate),White total (EF2011A  Full-time students  Graduate),Two or more races total (EF2011A  Full-time students  Graduate),Race/ethnicity unknown total (EF2011A  Full-time students  Graduate),Nonresident alien total (EF2011A  Full-time students  Graduate),Grand total (EF2011A  Part-time students  Undergraduate total),American Indian or Alaska Native total (EF2011A  Part-time students  Undergraduate total),Asian total (EF2011A  Part-time students  Undergraduate total),Black or African American total (EF2011A  Part-time students  Undergraduate total),Hispanic total (EF2011A  Part-time students  Undergraduate total),Native Hawaiian or Other Pacific Islander total (EF2011A  Part-time students  Undergraduate total),White total (EF2011A  Part-time students  Undergraduate total),Two or more races total (EF2011A  Part-time students  Undergraduate total),Race/ethnicity unknown total (EF2011A  Part-time students  Undergraduate total),Nonresident alien total (EF2011A  Part-time students  Undergraduate total),Grand total (EF2011A  Part-time students  Graduate),American Indian or Alaska Native total (EF2011A  Part-time students  Graduate),Asian total (EF2011A  Part-time students  Graduate),Black or African American total (EF2011A  Part-time students  Graduate),Hispanic total (EF2011A  Part-time students  Graduate),Native Hawaiian or Other Pacific Islander total (EF2011A  Part-time students  Graduate),White total (EF2011A  Part-time students  Graduate),Two or more races total (EF2011A  Part-time students  Graduate),Race/ethnicity unknown total (EF2011A  Part-time students  Graduate),Nonresident alien total (EF2011A  Part-time students  Graduate),Completions Grand total (C2012_B),Hispanic or Latino total (C2012_B),American Indian or Alaska Native total (C2012_B),Asian total (C2012_B),Black or African American total (C2012_B),Native Hawaiian or Other Pacific Islander total (C2012_B),White total (C2012_B),Two or more races total (C2012_B),Race/ethnicity unknown total (C2012_B),Nonresident alien total (C2012_B),Grand total (C2012_C  Associate's degree),Hispanic or Latino total (C2012_C  Associate's degree),Grand total (C2012_C  Bachelor's degree),Hispanic or Latino total (C2012_C  Bachelor's degree),Grand total (C2012_C  Master's degree),Hispanic or Latino total (C2012_C  Master's degree),Grand total (C2012_C  Doctor's degree),Hispanic or Latino total (C2012_C  Doctor's degree)
157289,University of Louisville,Louisville,KY,4 Pub,N,Y,15596,489,3.1%,11,2,18.2%,2702,89,3.3%,1377,25,1.8%,546,13,2.4%,1923,38,2.0%,185,361,,4,9,,22,457,1859,11,12067,408,40,243,5556,129,2.3%,13,202,436,6,4225,74,38,433,12177,14,347,1400,375,10,9468,324,23,216,3867,10,158,276,86,3,2873,48,28,385,3419,8,110,459,114,1,2599,84,17,27,1689,3,44,160,43,3,1352,26,10,48,4683,127,12,137,427,2,3729,58,13,178,11,2,2702,89,1377,25,546,13
157085,University of Kentucky,Lexington,KY,4 Pub,N,Y,20099,453,2.3%,,,,3735,50,1.3%,1231,14,1.1%,888,18,2.0%,2119,32,1.5%,322,566,,8,10,,39,478,1497,9,16297,286,628,412,7127,134,1.9%,10,191,350,0,5184,54,339,865,18454,37,424,1377,408,9,14994,270,533,402,5815,7,160,289,114,0,4093,43,274,835,1645,2,54,120,45,0,1303,16,95,10,1312,3,31,61,20,0,1091,11,65,30,5807,80,10,122,293,0,4764,28,244,266,,,3623,47,1231,14,888,18
157951,Western Kentucky University,Bowling Green,KY,4 Pub,N,Y,17970,327,1.8%,271,6,2.2%,2652,42,1.6%,973,11,1.1%,20,1,5.0%,993,12,1.2%,,,20,,,1,47,174,1944,15,14593,262,196,412,3066,45,1.5%,10,27,235,1,2413,31,33,271,13952,33,139,1654,245,11,11285,217,126,242,938,4,9,59,9,1,627,13,10,206,4018,14,35,290,82,4,3308,45,70,170,2128,6,18,176,36,0,1786,18,23,65,4015,60,12,48,255,0,3417,38,23,162,271,6,2652,42,973,11,20,1
156620,Eastern Kentucky University,Richmond,KY,4 Pub,N,Y,13902,236,1.7%,177,4,2.3%,2259,30,1.3%,734,10,1.4%,9,0,0.0%,743,10,1.3%,,9,,,0,,50,165,792,25,11878,273,335,148,2160,34,1.6%,2,27,115,0,1732,20,182,48,11288,37,120,674,196,22,9643,237,223,136,680,0,14,46,13,0,548,10,17,32,2614,13,45,118,40,3,2235,36,112,12,1480,2,13,69,21,0,1184,10,165,16,3158,44,6,25,128,4,2782,60,33,76,177,4,2235,30,734,10,9,0
157447,Northern Kentucky University,Highland Heights,KY,4 Pub,N,Y,12993,227,1.7%,118,0,0.0%,1980,19,1.0%,493,6,1.2%,168,2,1.2%,661,8,1.2%,14,154,,0,2,,33,105,812,7,10861,142,471,335,2731,34,1.2%,6,50,131,4,2304,15,144,43,9870,27,83,657,179,7,8189,116,311,301,829,4,20,44,9,1,679,2,40,30,3123,6,22,155,48,0,2672,26,160,34,1902,2,30,87,25,3,1625,13,104,13,2740,28,6,34,133,0,2340,21,123,55,118,0,1937,19,492,6,168,2
156286,Bellarmine University,Louisville,KY,4 Priv NFP,N,Y,2640,85,3.2%,,,,538,17,3.2%,273,3,1.1%,49,2,4.1%,322,5,1.6%,,49,,,2,,4,58,103,5,2171,36,120,58,792,8,1.0%,2,13,45,0,631,2,90,1,2289,4,50,91,82,4,1876,36,90,56,305,0,7,11,7,0,252,2,25,1,351,0,8,12,3,1,295,0,30,2,487,2,6,34,1,0,379,0,65,0,876,23,2,24,37,1,705,4,71,9,,,538,17,273,3,49,2
157401,Murray State University,Murray,KY,4 Pub,N,Y,8664,129,1.5%,13,0,0.0%,1530,13,0.8%,732,8,1.1%,,,,732,8,1.1%,,,,,,,21,76,617,5,7182,87,200,347,1959,16,0.8%,3,18,141,2,1516,14,13,236,6863,18,44,524,107,5,5700,70,149,246,680,1,6,60,3,1,405,4,6,194,1801,3,32,93,22,0,1482,17,51,101,1279,2,12,81,13,1,1111,10,7,42,2272,20,5,24,147,0,1881,6,32,157,13,0,1526,12,731,8,,
156295,Berea College,Berea,KY,4 Priv NFP,N,N,1661,50,3.0%,,,,309,12,3.9%,,,,,,,,,,,,,,,,6,19,248,1,1082,89,46,120,,,,,,,,,,,,1619,6,19,246,50,1,1044,88,46,119,,,,,,,,,,,42,0,0,2,0,0,38,1,0,1,,,,,,,,,,,309,12,1,3,52,1,195,13,1,31,,,309,12,,,,
156408,Centre College,Danville,KY,4 Priv NFP,N,N,1309,33,2.5%,,,,288,9,3.1%,,,,,,,,,,,,,,,,0,30,56,0,1131,25,1,33,,,,,,,,,,,,1309,0,30,56,33,0,1131,25,1,33,,,,,,,,,,,,,,,,,,,,,,,,,,,,,,,288,9,0,4,13,0,255,0,0,7,,,288,9,,,,
156213,Asbury University,Wilmore,KY,4 Priv NFP,N,Y,1452,37,2.5%,0,0,,240,7,2.9%,50,1,2.0%,,,,50,1,2.0%,,,,,,,5,10,38,1,1279,31,34,17,186,6,3.2%,1,2,12,1,158,0,2,4,1321,5,9,38,33,1,1161,27,30,17,67,1,1,7,0,1,51,0,2,4,131,0,1,0,4,0,118,4,4,0,119,0,1,5,6,0,107,0,0,0,290,8,0,3,7,0,265,0,2,5,,,240,7,50,1,,
156541,University of the Cumberlands,Williamsburg,KY,4 Priv NFP,N,Y,1726,47,2.7%,,,,241,7,2.9%,730,7,1.0%,11,0,0.0%,741,7,0.9%,11,,,0,,,4,12,106,2,1461,2,17,75,2021,10,0.5%,5,5,71,0,1733,0,194,3,1385,3,6,100,42,1,1157,2,4,70,586,2,0,25,5,0,487,0,65,2,341,1,6,6,5,1,304,0,13,5,1435,3,5,46,5,0,1246,0,129,1,982,14,1,6,37,0,877,2,34,11,,,241,7,730,7,11,0
157386,Morehead State University,Morehead,KY,4 Pub,N,Y,9417,84,0.9%,163,1,0.6%,1115,6,0.5%,453,2,0.4%,,,,453,2,0.4%,,,,,,,23,39,303,2,8658,50,203,55,1551,21,1.4%,4,12,57,0,1386,14,42,15,5553,10,21,232,51,1,5028,31,125,54,316,1,3,10,7,0,273,4,4,14,3864,13,18,71,33,1,3630,19,78,1,1235,3,9,47,14,0,1113,10,38,1,1734,9,4,13,55,0,1600,6,30,17,163,1,1115,6,453,2,,
157757,Spalding University,Louisville,KY,4 Priv NFP,N,Y,1371,40,2.9%,1,0,0.0%,220,5,2.3%,321,7,2.2%,32,0,0.0%,353,7,2.0%,32,,,0,,,5,16,385,1,775,44,100,5,1061,16,1.5%,1,13,183,1,712,19,105,11,983,5,12,273,31,1,587,33,37,4,765,1,11,128,13,1,518,13,73,7,388,0,4,112,9,0,188,11,63,1,296,0,2,55,3,0,194,6,32,4,574,11,2,7,114,0,377,16,43,4,1,0,217,4,321,7,32,0
156356,Brescia University,Owensboro,KY,4 Priv NFP,N,Y,726,23,3.2%,8,0,0.0%,93,5,5.4%,19,0,0.0%,,,,19,0,0.0%,,,,,,,2,1,80,0,533,0,74,13,22,0,,0,1,1,0,19,0,1,0,546,1,1,50,16,0,425,0,40,13,3,0,0,0,0,0,3,0,0,0,180,1,0,30,7,0,108,0,34,0,19,0,1,1,0,0,16,0,1,0,123,5,1,1,4,0,102,0,9,1,8,0,93,5,19,0,,
157359,Mid-Continent University,Mayfield,KY,4 Priv NFP,N,Y,2369,41,1.7%,268,4,1.5%,373,4,1.1%,31,1,3.2%,,,,31,1,3.2%,,,,,,,7,6,347,1,1869,19,59,20,103,2,1.9%,0,1,16,0,84,0,0,0,1967,5,6,273,38,1,1560,15,50,19,97,0,1,14,2,0,80,0,0,0,402,2,0,74,3,0,309,4,9,1,6,0,0,2,0,0,4,0,0,0,672,9,0,2,87,0,553,2,13,6,268,4,373,4,31,1,,
156365,Campbellsville University,Campbellsville,KY,4 Priv NFP,N,Y,3061,35,1.1%,62,0,0.0%,325,4,1.2%,244,1,0.4%,,,,244,1,0.4%,,,,,,,3,12,309,2,2412,15,129,144,557,12,2.2%,0,2,64,0,420,1,12,46,1869,2,3,234,24,1,1393,14,62,136,39,0,0,0,8,0,21,1,1,8,1192,1,9,75,11,1,1019,1,67,8,518,0,2,64,4,0,399,0,11,38,630,5,0,3,57,0,483,2,21,59,62,0,325,4,244,1,,
156745,Georgetown College,Georgetown,KY,4 Priv NFP,N,Y,1273,26,2.0%,,,,219,4,1.8%,206,0,0.0%,,,,206,0,0.0%,,,,,,,3,7,110,0,1092,7,8,20,545,5,0.9%,0,1,20,0,518,0,1,0,1225,2,6,109,25,0,1054,7,6,16,28,0,0,1,0,0,27,0,0,0,48,1,1,1,1,0,38,0,2,4,517,0,1,19,5,0,491,0,1,0,425,4,0,0,31,0,389,0,0,1,,,219,4,206,0,,
157599,Brown Mackie College-Louisville,Louisville,KY,4 Priv FP,Y,N,1968,28,1.4%,508,25,4.9%,19,3,15.8%,,,,,,,,,,,,,,,,8,13,924,3,940,17,35,0,,,,,,,,,,,,1968,8,13,924,28,3,940,17,35,0,,,,,,,,,,,,,,,,,,,,,,,,,,,,,,,571,28,3,5,242,1,280,3,9,0,508,25,19,3,,,,
413857,ITT Technical Institute-Louisville,Louisville,KY,4 Priv FP,N,N,856,20,2.3%,225,3,1.3%,40,3,7.5%,,,,,,,,,,,,,,,,5,9,159,0,637,11,15,0,,,,,,,,,,,,578,2,4,112,13,0,426,10,11,0,,,,,,,,,,,278,3,5,47,7,0,211,1,4,0,,,,,,,,,,,265,6,1,2,29,0,172,0,55,0,225,3,40,3,,,,
157818,Transylvania University,Lexington,KY,4 Priv NFP,N,N,1023,14,1.4%,,,,248,3,1.2%,,,,,,,,,,,,,,,,2,11,38,0,887,18,44,9,,,,,,,,,,,,1005,2,10,37,14,0,872,18,43,9,,,,,,,,,,,18,0,1,1,0,0,15,0,1,0,,,,,,,,,,,248,3,1,1,9,0,217,3,14,0,,,248,3,,,,
157021,National College-Lexington,Lexington,KY,4 Priv FP,Y,N,1856,49,2.6%,566,15,2.7%,39,2,5.1%,,,,,,,,,,,,,,,,1,4,670,1,983,25,122,1,,,,,,,,,,,,1066,0,4,371,33,1,572,13,71,1,,,,,,,,,,,790,1,0,299,16,0,411,12,51,0,,,,,,,,,,,778,20,0,2,248,0,430,16,62,0,565,15,39,2,,,,
157632,Saint Catharine College,Saint Catharine,KY,4 Priv NFP,Y,Y,1090,19,1.7%,93,1,1.1%,74,2,2.7%,0,0,,,,,0,0,,,,,,,,0,7,75,0,946,19,19,5,1,0,,0,0,1,0,0,0,0,0,668,0,4,60,15,0,558,12,14,5,,,,,,,,,,,422,0,3,15,4,0,388,7,5,0,1,0,0,1,0,0,0,0,0,0,154,3,0,2,13,0,133,2,1,0,84,1,74,2,,,,
157076,Kentucky Wesleyan College,Owensboro,KY,4 Priv NFP,N,N,741,11,1.5%,,,,139,2,1.4%,,,,,,,,,,,,,,,,4,2,74,0,544,0,98,8,,,,,,,,,,,,704,4,2,72,11,0,518,0,89,8,,,,,,,,,,,37,0,0,2,0,0,26,0,9,0,,,,,,,,,,,139,2,0,0,8,0,111,0,17,1,,,139,2,,,,
448488,ITT Technical Institute-Lexington,Lexington,KY,4 Priv FP,N,N,379,11,2.9%,140,4,2.9%,20,1,5.0%,,,,,,,,,,,,,,,,5,2,72,0,281,1,7,0,,,,,,,,,,,,278,3,2,47,5,0,216,0,5,0,,,,,,,,,,,101,2,0,25,6,0,65,1,2,0,,,,,,,,,,,160,5,0,1,10,0,91,0,53,0,140,4,20,1,,,,
247065,Beckfield College-Florence,Florence,KY,4 Priv FP,Y,N,977,16,1.6%,243,2,0.8%,33,1,3.0%,,,,,,,,,,,,,,,,5,7,72,2,859,2,14,0,,,,,,,,,,,,592,4,4,46,11,2,515,2,8,0,,,,,,,,,,,385,1,3,26,5,0,344,0,6,0,,,,,,,,,,,326,4,2,1,18,0,297,0,4,0,243,2,33,1,,,,
453127,Strayer University-Kentucky,Lexington,KY,4 Priv FP,Y,Y,747,9,1.2%,25,1,4.0%,49,1,2.0%,28,0,0.0%,,,,28,0,0.0%,,,,,,,6,4,169,2,475,22,60,0,148,3,2.0%,3,2,52,0,75,4,9,0,70,1,0,12,2,0,46,3,6,0,35,0,1,13,0,0,16,3,2,0,677,5,4,157,7,2,429,19,54,0,113,3,1,39,3,0,59,1,7,0,105,2,1,1,36,0,58,2,5,0,25,1,49,1,28,0,,
157058,Kentucky State University,Frankfort,KY,4 Pub,N,Y,2490,29,1.2%,53,0,0.0%,229,1,0.4%,64,1,1.6%,,,,64,1,1.6%,,,,,,,5,6,1345,3,495,28,537,42,256,3,1.2%,0,3,134,1,85,1,8,21,1979,5,4,1212,24,3,324,26,365,16,117,0,1,78,1,0,22,0,1,14,511,0,2,133,5,0,171,2,172,26,139,0,2,56,2,1,63,1,7,7,342,2,0,2,178,0,118,5,30,7,53,0,225,1,64,1,,
157809,Thomas More College,Crestview Hills,KY,4 Priv NFP,N,Y,1690,23,1.4%,116,0,0.0%,268,1,0.4%,94,2,2.1%,,,,94,2,2.1%,,,,,,,5,14,90,1,1323,13,213,8,140,3,2.1%,0,3,4,0,118,0,12,0,1296,4,8,81,20,1,981,10,183,8,106,0,1,4,2,0,90,0,9,0,394,1,6,9,3,0,342,3,30,0,34,0,2,0,1,0,28,0,3,0,393,3,2,4,13,0,314,1,52,4,116,0,268,1,94,2,,
157535,University of Pikeville,Pikeville,KY,4 Priv NFP,Y,Y,1506,20,1.3%,16,0,0.0%,134,1,0.7%,0,0,,64,0,0.0%,64,0,0.0%,,64,,,0,,3,7,135,0,1317,0,5,19,333,1,0.3%,4,9,6,4,299,0,9,1,1162,3,3,135,18,0,984,0,0,19,333,4,9,6,1,4,299,0,9,1,344,0,4,0,2,0,333,0,5,0,,,,,,,,,,,214,1,0,3,15,0,190,0,5,0,16,0,134,1,,,64,0
157793,Sullivan University,Louisville,KY,4 Priv FP,Y,Y,4579,14,0.3%,625,0,0.0%,362,1,0.3%,322,2,0.6%,89,1,1.1%,411,3,0.7%,0,89,0,0,1,0,17,39,993,6,2813,411,276,10,1278,5,0.4%,2,282,227,1,562,87,87,25,2769,10,20,631,5,2,1689,240,167,5,863,1,230,126,3,1,358,57,67,20,1810,7,19,362,9,4,1124,171,109,5,415,1,52,101,2,0,204,30,20,5,1405,3,2,31,234,1,875,91,55,113,625,0,362,1,321,1,88,1
157100,Kentucky Christian University,Grayson,KY,4 Priv NFP,N,Y,564,6,1.1%,,,,103,1,1.0%,7,0,0.0%,,,,7,0,0.0%,,,,,,,2,0,60,1,470,0,13,12,42,0,,0,0,1,0,37,0,2,2,536,2,0,60,6,1,442,0,13,12,13,0,0,1,0,0,11,0,1,0,28,0,0,0,0,0,28,0,0,0,29,0,0,0,0,0,26,0,1,2,109,1,0,1,5,0,94,1,0,7,,,103,1,7,0,,
157696,Brown Mackie College-Northern Kentucky,Fort Mitchell,KY,4 Priv FP,Y,N,756,5,0.7%,158,6,3.8%,13,0,0.0%,,,,,,,,,,,,,,,,2,9,72,0,648,17,2,1,,,,,,,,,,,,756,2,9,72,5,0,648,17,2,1,,,,,,,,,,,,,,,,,,,,,,,,,,,,,,,255,7,2,1,22,0,220,1,2,0,158,6,13,0,,,,
157270,Sullivan College of Technology and Design,Louisville,KY,4 Priv FP,N,N,590,24,4.1%,164,3,1.8%,20,0,0.0%,,,,,,,,,,,,,,,,0,4,117,1,400,44,0,0,,,,,,,,,,,,413,0,2,85,21,1,271,33,0,0,,,,,,,,,,,177,0,2,32,3,0,129,11,0,0,,,,,,,,,,,220,4,0,2,29,0,165,19,1,0,163,3,20,0,,,,
406219,Daymar College-Louisville,Louisville,KY,4 Priv FP,Y,N,492,10,2.0%,139,2,1.4%,6,0,0.0%,,,,,,,,,,,,,,,,4,6,240,0,209,21,2,0,,,,,,,,,,,,294,2,5,140,7,0,126,13,1,0,,,,,,,,,,,198,2,1,100,3,0,83,8,1,0,,,,,,,,,,,193,4,0,1,86,0,89,11,2,0,139,2,6,0,,,,
363439,Daymar College-Bowling Green,Bowling Green,KY,4 Priv FP,Y,N,375,8,2.1%,183,2,1.1%,13,0,0.0%,,,,,,,,,,,,,,,,0,5,44,0,309,8,0,1,,,,,,,,,,,,301,0,5,30,6,0,254,5,0,1,,,,,,,,,,,74,0,0,14,2,0,55,3,0,0,,,,,,,,,,,199,2,1,2,14,0,162,13,4,1,183,2,13,0,,,,
156903,Daymar College-Paducah Main,Paducah,KY,4 Priv FP,Y,N,220,5,2.3%,112,2,1.8%,11,0,0.0%,,,,,,,,,,,,,,,,1,0,26,0,188,0,0,0,,,,,,,,,,,,146,0,0,14,2,0,130,0,0,0,,,,,,,,,,,74,1,0,12,3,0,58,0,0,0,,,,,,,,,,,127,2,0,0,18,0,104,0,3,0,112,2,11,0,,,,
460473,Daymar College-Louisville,Louisville,KY,4 Priv FP,Y,N,131,5,3.8%,42,2,4.8%,0,0,,,,,,,,,,,,,,,,,0,0,35,0,85,3,3,0,,,,,,,,,,,,102,0,0,26,3,0,69,2,2,0,,,,,,,,,,,29,0,0,9,2,0,16,1,1,0,,,,,,,,,,,66,3,0,0,17,0,41,5,0,0,42,2,,,,,,
458557,Daymar College-Online,Louisville,KY,4 Priv FP,Y,N,357,13,3.6%,27,1,3.7%,6,0,0.0%,,,,,,,,,,,,,,,,0,1,58,0,279,6,0,0,,,,,,,,,,,,291,0,1,47,12,0,228,3,0,0,,,,,,,,,,,66,0,0,11,1,0,51,3,0,0,,,,,,,,,,,44,1,0,0,2,0,28,13,0,0,27,1,6,0,,,,
447476,Daymar College-Bellevue,Bellevue,KY,4 Priv FP,Y,N,227,2,0.9%,45,1,2.2%,5,0,0.0%,,,,,,,,,,,,,,,,4,0,50,0,166,5,0,0,,,,,,,,,,,,150,2,0,28,2,0,114,4,0,0,,,,,,,,,,,77,2,0,22,0,0,52,1,0,0,,,,,,,,,,,83,1,2,0,11,3,65,0,1,0,45,1,5,0,,,,
157377,Midway College,Midway,KY,4 Priv NFP,N,Y,1625,28,1.7%,126,0,0.0%,230,0,0.0%,48,0,0.0%,,,,48,0,0.0%,,,,,,,7,10,120,9,1271,14,158,8,130,1,0.8%,0,2,12,1,95,1,18,0,1084,5,7,74,21,6,858,10,95,8,58,0,1,9,0,1,41,0,6,0,541,2,3,46,7,3,413,4,63,0,72,0,1,3,1,0,54,1,12,0,404,0,2,3,22,6,345,4,21,1,126,0,230,0,48,0,,
157216,Lindsey Wilson College,Columbia,KY,4 Priv NFP,Y,Y,2187,10,0.5%,25,0,0.0%,352,0,0.0%,153,0,0.0%,,,,153,0,0.0%,,,,,,,14,11,185,0,1625,39,293,10,413,1,0.2%,1,0,56,0,300,7,43,5,2072,13,11,182,9,0,1529,38,281,9,395,1,0,56,1,0,284,7,42,4,115,1,0,3,1,0,96,1,12,1,18,0,0,0,0,0,16,0,1,1,530,0,6,3,45,0,409,10,50,7,25,0,352,0,153,0,,
454209,DeVry University-Kentucky,Louisville,KY,4 Priv FP,N,N,122,4,3.3%,1,0,0.0%,16,0,0.0%,,,,,,,,,,,,,,,,0,0,25,0,75,3,15,0,,,,,,,,,,,,64,0,0,13,1,0,38,3,9,0,,,,,,,,,,,58,0,0,12,3,0,37,0,6,0,,,,,,,,,,,17,0,1,0,1,0,15,0,0,0,1,0,16,0,,,,
156417,Clear Creek Baptist Bible College,Pineville,KY,4 Priv NFP,Y,N,172,1,0.6%,8,0,0.0%,21,0,0.0%,,,,,,,,,,,,,,,,0,1,1,0,169,0,0,0,,,,,,,,,,,,106,0,1,0,0,0,105,0,0,0,,,,,,,,,,,66,0,0,1,1,0,64,0,0,0,,,,,,,,,,,29,0,0,0,0,0,29,0,0,0,8,0,21,0,,,,
157030,Kentucky Mountain Bible College,Vancleve,KY,4 Priv NFP,N,N,75,1,1.3%,2,0,0.0%,11,0,0.0%,,,,,,,,,,,,,,,,1,0,1,0,70,0,0,2,,,,,,,,,,,,65,1,0,1,1,0,60,0,0,2,,,,,,,,,,,10,0,0,0,0,0,10,0,0,0,,,,,,,,,,,12,0,0,0,0,0,11,0,0,1,2,0,11,0,,,,
157465,Daymar College-Owensboro,Owensboro,KY,4 Priv FP,Y,N,324,0,0.0%,96,0,0.0%,3,0,0.0%,,,,,,,,,,,,,,,,0,0,15,0,303,5,1,0,,,,,,,,,,,,249,0,0,13,0,0,234,1,1,0,,,,,,,,,,,75,0,0,2,0,0,69,4,0,0,,,,,,,,,,,110,0,0,0,5,0,101,3,1,0,93,0,3,0,,,,
461759,Simmons College of Kentucky,Louisville,KY,4 Priv NFP,Y,N,90,0,0.0%,2,0,0.0%,4,0,0.0%,,,,,,,,,,,,,,,,0,0,89,0,1,0,0,0,,,,,,,,,,,,10,0,0,10,0,0,0,0,0,0,,,,,,,,,,,80,0,0,79,0,0,1,0,0,0,,,,,,,,,,,8,0,0,0,8,0,0,0,0,0,2,0,4,0,,,,
157863,Union College,Barbourville,KY,4 Priv NFP,N,Y,814,18,2.2%,,,,143,0,0.0%,221,0,0.0%,,,,221,0,0.0%,,,,,,,4,2,77,0,668,6,10,29,553,1,0.2%,0,0,6,0,505,3,35,3,765,4,2,76,17,0,623,6,8,29,208,0,0,1,1,0,184,2,18,2,49,0,0,1,1,0,45,0,2,0,345,0,0,5,0,0,321,1,17,1,369,0,1,0,8,0,297,0,58,5,,,143,0,221,0,,
445391,University of Phoenix-Louisville Campus,Louisville,KY,4 Priv FP,Y,Y,227,8,3.5%,,,,7,0,0.0%,5,0,0.0%,,,,5,0,0.0%,,,,,,,0,0,66,2,75,5,70,1,27,0,,0,0,9,0,10,0,8,0,227,0,0,66,8,2,75,5,70,1,27,0,0,9,0,0,10,0,8,0,,,,,,,,,,,,,,,,,,,,,12,0,0,0,5,0,4,0,3,0,,,7,0,5,0,,
156189,Alice Lloyd College,Pippa Passes,KY,4 Priv NFP,N,N,593,2,0.3%,,,,94,0,0.0%,,,,,,,,,,,,,,,,1,1,8,2,573,0,4,2,,,,,,,,,,,,570,1,1,7,2,2,551,0,4,2,,,,,,,,,,,23,0,0,1,0,0,22,0,0,0,,,,,,,,,,,94,0,0,0,1,1,92,0,0,0,,,94,0,,,,
156392,Bluegrass Community and Technical College,Lexington,KY,2 Pub,Y,N,14200,438,3.1%,1287,40,3.1%,,,,,,,,,,,,,,,,,,,41,206,1845,19,11106,231,248,66,,,,,,,,,,,,6725,19,79,820,204,9,5405,120,41,28,,,,,,,,,,,7475,22,127,1025,234,10,5701,111,207,38,,,,,,,,,,,1896,53,3,28,166,1,1590,25,21,9,1177,37,,,,,,
156648,Elizabethtown Community and Technical College,Elizabethtown,KY,2 Pub,Y,N,7809,262,3.4%,829,34,4.1%,,,,,,,,,,,,,,,,,,,34,87,658,22,6505,124,116,1,,,,,,,,,,,,3608,13,36,277,144,5,3051,68,13,1,,,,,,,,,,,4201,21,51,381,118,17,3454,56,103,0,,,,,,,,,,,1321,47,8,17,80,4,1141,20,4,0,788,33,,,,,,
156921,Jefferson Community and Technical College,Louisville,KY,2 Pub,Y,N,15085,553,3.7%,1080,33,3.1%,,,,,,,,,,,,,,,,,,,48,273,3512,24,10017,287,331,40,,,,,,,,,,,,5253,16,82,1277,178,9,3496,130,41,24,,,,,,,,,,,9832,32,191,2235,375,15,6521,157,290,16,,,,,,,,,,,1745,50,10,25,328,2,1266,36,23,5,996,28,,,,,,
156860,Hopkinsville Community College,Hopkinsville,KY,2 Pub,Y,N,4459,324,7.3%,531,26,4.9%,,,,,,,,,,,,,,,,,,,17,44,1177,18,2681,119,77,2,,,,,,,,,,,,1988,8,22,496,144,10,1231,55,22,0,,,,,,,,,,,2471,9,22,681,180,8,1450,64,55,2,,,,,,,,,,,625,40,4,8,144,0,407,13,9,0,461,24,,,,,,
157483,West Kentucky Community and Technical College,Paducah,KY,2 Pub,Y,N,7277,162,2.2%,661,17,2.6%,,,,,,,,,,,,,,,,,,,24,45,542,7,6044,83,369,1,,,,,,,,,,,,2551,9,16,183,57,2,2216,35,33,0,,,,,,,,,,,4726,15,29,359,105,5,3828,48,336,1,,,,,,,,,,,1391,29,3,13,91,0,1200,23,31,1,639,16,,,,,,
157711,Somerset Community College,Somerset,KY,2 Pub,Y,N,9928,116,1.2%,685,8,1.2%,,,,,,,,,,,,,,,,,,,41,30,101,10,9356,74,196,4,,,,,,,,,,,,4438,9,15,40,68,3,4247,38,17,1,,,,,,,,,,,5490,32,15,61,48,7,5109,36,179,3,,,,,,,,,,,1109,13,4,7,5,3,1058,14,5,0,646,7,,,,,,
156231,Ashland Community and Technical College,Ashland,KY,2 Pub,Y,N,4932,42,0.9%,463,6,1.3%,,,,,,,,,,,,,,,,,,,10,15,58,3,4408,33,362,1,,,,,,,,,,,,2244,3,6,33,24,0,2146,23,9,0,,,,,,,,,,,2688,7,9,25,18,3,2262,10,353,1,,,,,,,,,,,515,6,0,2,10,0,494,1,2,0,414,6,,,,,,
157304,Madisonville Community College,Madisonville,KY,2 Pub,Y,N,4582,67,1.5%,444,5,1.1%,,,,,,,,,,,,,,,,,,,9,20,253,4,4079,43,106,1,,,,,,,,,,,,1600,3,11,86,31,3,1441,23,1,1,,,,,,,,,,,2982,6,9,167,36,1,2638,20,105,0,,,,,,,,,,,766,18,2,6,33,1,694,9,3,0,423,5,,,,,,
157553,Big Sandy Community and Technical College,Prestonsburg,KY,2 Pub,Y,N,5367,41,0.8%,326,5,1.5%,,,,,,,,,,,,,,,,,,,16,12,30,2,5012,35,219,0,,,,,,,,,,,,2376,8,3,19,26,1,2288,16,15,0,,,,,,,,,,,2991,8,9,11,15,1,2724,19,204,0,,,,,,,,,,,415,4,0,1,2,1,401,2,4,0,303,4,,,,,,
421513,Brown Mackie College-Hopkinsville,Hopkinsville,KY,2 Priv FP,Y,N,278,5,1.8%,81,5,6.2%,,,,,,,,,,,,,,,,,,,4,5,98,0,163,0,3,0,,,,,,,,,,,,278,4,5,98,5,0,163,0,3,0,,,,,,,,,,,,,,,,,,,,,,,,,,,,,,,122,5,1,3,43,0,69,0,1,0,77,4,,,,,,
157438,Gateway Community and Technical College,Florence,KY,2 Pub,Y,N,4850,88,1.8%,365,4,1.1%,,,,,,,,,,,,,,,,,,,16,36,554,9,4026,60,61,0,,,,,,,,,,,,1632,9,10,190,32,1,1351,28,11,0,,,,,,,,,,,3218,7,26,364,56,8,2675,32,50,0,,,,,,,,,,,792,6,2,5,67,3,688,10,11,0,362,4,,,,,,
247940,Owensboro Community and Technical College,Owensboro,KY,2 Pub,Y,N,7091,90,1.3%,613,3,0.5%,,,,,,,,,,,,,,,,,,,13,28,282,8,6385,100,183,2,,,,,,,,,,,,2074,5,5,90,30,3,1905,27,8,1,,,,,,,,,,,5017,8,23,192,60,5,4480,73,175,1,,,,,,,,,,,963,6,3,3,28,1,909,10,3,0,551,3,,,,,,
157331,Maysville Community and Technical College,Maysville,KY,2 Pub,Y,N,4634,57,1.2%,344,3,0.9%,,,,,,,,,,,,,,,,,,,10,9,133,4,4273,44,104,0,,,,,,,,,,,,1775,3,1,36,23,1,1693,13,5,0,,,,,,,,,,,2859,7,8,97,34,3,2580,31,99,0,,,,,,,,,,,704,6,2,0,20,1,669,3,3,0,340,3,,,,,,
157739,Southeast Kentucky Community and Technical College,Cumberland,KY,2 Pub,Y,N,5215,20,0.4%,433,3,0.7%,,,,,,,,,,,,,,,,,,,18,3,117,2,4534,34,487,0,,,,,,,,,,,,1944,1,1,54,16,0,1831,20,21,0,,,,,,,,,,,3271,17,2,63,4,2,2703,14,466,0,,,,,,,,,,,739,2,1,2,19,1,691,7,16,0,354,2,,,,,,
156790,Hazard Community and Technical College,Hazard,KY,2 Pub,Y,N,4726,20,0.4%,372,3,0.8%,,,,,,,,,,,,,,,,,,,10,5,44,2,4618,15,12,0,,,,,,,,,,,,1947,4,2,16,11,1,1903,10,0,0,,,,,,,,,,,2779,6,3,28,9,1,2715,5,12,0,,,,,,,,,,,644,5,0,1,4,1,629,4,0,0,327,2,,,,,,
447935,ATA College,Louisville,KY,2 Priv FP,N,N,504,14,2.8%,171,3,1.8%,,,,,,,,,,,,,,,,,,,0,7,131,0,325,2,25,0,,,,,,,,,,,,504,0,7,131,14,0,325,2,25,0,,,,,,,,,,,,,,,,,,,,,,,,,,,,,,,350,10,0,5,94,0,225,2,14,0,171,3,,,,,,
156471,Galen College of Nursing-Louisville,Louisville,KY,2 Priv FP,N,N,838,5,0.6%,218,3,1.4%,,,,,,,,,,,,,,,,,,,4,9,77,0,501,20,218,4,,,,,,,,,,,,600,1,6,47,5,0,348,16,173,4,,,,,,,,,,,238,3,3,30,0,0,153,4,45,0,,,,,,,,,,,698,7,3,7,58,0,466,18,137,2,218,3,,,,,,
156338,Bowling Green Technical College,Bowling Green,KY,2 Pub,Y,N,5598,174,3.1%,340,2,0.6%,,,,,,,,,,,,,,,,,,,16,27,544,3,4320,44,467,3,,,,,,,,,,,,1634,3,5,231,29,0,1332,21,13,0,,,,,,,,,,,3964,13,22,313,145,3,2988,23,454,3,,,,,,,,,,,647,7,2,5,35,0,581,3,14,0,326,2,,,,,,
433563,Spencerian College-Lexington,Lexington,KY,2 Priv FP,Y,N,447,3,0.7%,104,2,1.9%,,,,,,,,,,,,,,,,,,,0,2,58,0,348,36,0,0,,,,,,,,,,,,430,0,2,55,3,0,336,34,0,0,,,,,,,,,,,17,0,0,3,0,0,12,2,0,0,,,,,,,,,,,154,3,0,0,19,0,131,1,0,0,103,2,,,,,,
156851,Henderson Community College,Henderson,KY,2 Pub,Y,N,2137,24,1.1%,178,1,0.6%,,,,,,,,,,,,,,,,,,,8,10,171,0,1839,27,58,0,,,,,,,,,,,,672,2,2,51,13,0,582,14,8,0,,,,,,,,,,,1465,6,8,120,11,0,1257,13,50,0,,,,,,,,,,,300,3,0,0,25,0,257,3,12,0,175,1,,,,,,
245032,Lincoln College of Technology-Florence,Florence,KY,2 Priv FP,Y,N,314,4,1.3%,72,1,1.4%,,,,,,,,,,,,,,,,,,,1,0,17,1,283,7,1,0,,,,,,,,,,,,238,0,0,12,3,1,216,5,1,0,,,,,,,,,,,76,1,0,5,1,0,67,2,0,0,,,,,,,,,,,242,6,0,0,17,1,210,6,2,0,72,1,,,,,,
456375,MedTech Collegeƒ??Lexington Campus,Lexington,KY,2 Priv FP,Y,N,323,3,0.9%,71,1,1.4%,,,,,,,,,,,,,,,,,,,1,0,94,0,217,1,7,0,,,,,,,,,,,,296,1,0,84,3,0,200,1,7,0,,,,,,,,,,,27,0,0,10,0,0,17,0,0,0,,,,,,,,,,,71,1,0,0,25,0,45,0,0,0,71,1,,,,,,
157766,Spencerian College,Louisville,KY,2 Priv FP,Y,N,1011,24,2.4%,126,0,0.0%,,,,,,,,,,,,,,,,,,,0,4,213,3,608,139,20,0,,,,,,,,,,,,673,0,3,134,19,2,411,91,13,0,,,,,,,,,,,338,0,1,79,5,1,197,48,7,0,,,,,,,,,,,381,0,1,1,42,3,254,64,16,0,126,0,,,,,,
449302,Daymar College-Madisonville,Madisonville,KY,2 Priv FP,Y,N,53,1,1.9%,1,0,0.0%,,,,,,,,,,,,,,,,,,,0,0,7,0,45,0,0,0,,,,,,,,,,,,37,0,0,2,0,0,35,0,0,0,,,,,,,,,,,16,0,0,5,1,0,10,0,0,0,,,,,,,,,,,2,0,0,0,1,0,1,0,0,0,1,0,,,,,,
455646,Daymar College-Scottsville,Scottsville,KY,2 Priv FP,Y,N,98,0,0.0%,53,0,0.0%,,,,,,,,,,,,,,,,,,,0,0,2,0,95,1,0,0,,,,,,,,,,,,86,0,0,2,0,0,84,0,0,0,,,,,,,,,,,12,0,0,0,0,0,11,1,0,0,,,,,,,,,,,53,0,0,0,3,0,49,1,0,0,53,0,,,,,,
156727,Frontier Nursing University,Hyden,KY,4 Priv NFP,N,Y,,,,,,,,,,282,9,3.2%,23,1,4.3%,305,10,3.3%,,23,,,1,,,,,,,,,,1346,17,1.3%,12,15,73,1,1161,34,33,0,,,,,,,,,,,804,8,11,41,8,0,699,20,17,0,,,,,,,,,,,542,4,4,32,9,1,462,14,16,0,330,11,2,1,9,0,300,5,2,0,,,,,282,9,23,1
156222,Asbury Theological Seminary,Wilmore,KY,4 Priv NFP,N,Y,,,,,,,,,,268,7,2.6%,27,1,3.7%,295,8,2.7%,27,,,1,,,,,,,,,,,1529,50,3.3%,8,57,94,0,1068,14,149,89,,,,,,,,,,,692,1,30,43,24,0,516,7,53,18,,,,,,,,,,,837,7,27,51,26,0,552,7,96,71,290,7,1,6,17,0,210,2,22,25,,,,,260,7,27,1
157298,Louisville Presbyterian Theological Seminary,Louisville,KY,4 Priv NFP,N,Y,,,,,,,,,,43,1,2.3%,8,0,0.0%,51,1,2.0%,,8,,,0,,,,,,,,,,229,6,2.6%,1,1,46,0,168,0,2,5,,,,,,,,,,,141,1,0,29,3,0,105,0,0,3,,,,,,,,,,,88,0,1,17,3,0,63,0,2,2,60,5,0,0,7,0,45,1,0,2,,,,,43,1,8,0
157207,Lexington Theological Seminary,Lexington,KY,4 Priv NFP,N,Y,,,,,,,,,,6,0,0.0%,1,0,0.0%,7,0,0.0%,,1,,,0,,,,,,,,,,57,0,,0,0,6,0,51,0,0,0,,,,,,,,,,,19,0,0,1,0,0,18,0,0,0,,,,,,,,,,,38,0,0,5,0,0,33,0,0,0,7,0,0,0,0,0,7,0,0,0,,,,,6,0,1,0
462202,DeVry University's Keller Graduate School of Management-Kentucky,Louisville,KY,4 Priv FP,N,Y,,,,,,,,,,3,0,0.0%,,,,3,0,0.0%,,,,,,,,,,,,,,,19,0,,0,1,5,0,12,0,1,0,,,,,,,,,,,3,0,0,0,0,0,3,0,0,0,,,,,,,,,,,16,0,1,5,0,0,9,0,1,0,3,0,0,0,0,0,3,0,0,0,,,,,3,0,,
